انتقام,negative
اباحه,negative
اباحي,negative
اباحيه,negative
اباد,negative
ابالس,negative
ابالسه,negative
ابتزاز,negative
ابشع,negative
ابله,negative
ابوجهل,negative
ابيتم,negative
ابيح,negative
اتألش,negative
اتبهدل,negative
اتبهدلت,negative
اتجنن,negative
اتحاكم,negative
اتحبس,negative
اتحبست,negative
اتحكم,negative
اتحنطر,negative
اتخانق,negative
اتخدعت,negative
اتخمد,negative
اتخنقت,negative
اتدبحت,negative
اتذل,negative
اتربت,negative
اترحل,negative
اترمت,negative
اتسجنت,negative
اتسجنتم,negative
اتسحبت,negative
اتسحل,negative
اتسحلت,negative
اتسرق,negative
اتسرقت,negative
اتسول,negative
اتشتم,negative
اتشطف,negative
اتصدم,negative
اتضربوا,negative
اتظلم,negative
اتعذب,negative
اتعذبت,negative
اتعرت,negative
اتعروا,negative
اتعري,negative
اتعس,negative
اتغلب,negative
اتغمس,negative
اتف,negative
اتفرتك,negative
اتفشخ,negative
اتفقست,negative
اتفو,negative
اتقتل,negative
اتقتلوا,negative
اتقي,negative
اتكتم,negative
اتكسرت,negative
اتلم,negative
اتلهي,negative
اتنيل,negative
اتهانت,negative
اتهبلت,negative
اتهد,negative
اتهزأت,negative
اتهزم,negative
اتهمت,negative
اتهمته,negative
اتهمو,negative
اجبار,negative
اجبن,negative
اجرام,negative
اجلد,negative
اجهاض,negative
اجهض,negative
اجهل,negative
احا,negative
احباط,negative
احبسو,negative
احبطو,negative
احتجاج,negative
احتجاجيه,negative
احتجاز,negative
احتشاد,negative
احتقر,negative
احتقرك,negative
احتكار,negative
احتل,negative
احتلال,negative
احتلت,negative
احذر,negative
احراقها,negative
احرق,negative
احرمونا,negative
احسنلك,negative
احقر,negative
احلف,negative
احمر,negative
احه,negative
احيه,negative
اختطاف,negative
اختفت,negative
اختلاف,negative
اخرس,negative
اخرسو,negative
اخرص,negative
اخس,negative
اخسر,negative
اخسئ,negative
اخشي,negative
اخص,negative
اخطا,negative
اخطاء,negative
اخطاؤ,negative
اخطاؤه,negative
اخطائ,negative
اخطر,negative
اخن,negative
ادغال,negative
ادمان,negative
اراجوز,negative
ارحل,negative
ارحم,negative
ارحمنا,negative
ارحمني,negative
ارحمونا,negative
اردح,negative
ارزل,negative
ارعن,negative
ارف,negative
ارفت,negative
ارفض,negative
ارهاب,negative
ارهابي,negative
ازدراء,negative
ازعاج,negative
ازعر,negative
ازمات,negative
ازمه,negative
استبحس,negative
استبداد,negative
استبعاد,negative
استحل,negative
استحواذ,negative
استخفاف,negative
استرخصوك,negative
استشهد,negative
استظراف,negative
استعباد,negative
استعباط,negative
استعمار,negative
استغباء,negative
استغفلو,negative
استغل,negative
استغلال,negative
استغلالي,negative
استفزاز,negative
استكراد,negative
استنزاف,negative
استنطاع,negative
استنكر,negative
استهانه,negative
استهبال,negative
استهبل,negative
استهتار,negative
استهزاء,negative
استهزائك,negative
استيلاء,negative
اسف,negative
اسفاف,negative
اسفخص,negative
اسفي,negative
اسقاط,negative
اسقط,negative
اسكت,negative
اسوا,negative
اسيادك,negative
اشاع,negative
اشتباك,negative
اشتعال,negative
اشتغال,negative
اشتم,negative
اشتمك,negative
اشتمو,negative
اشقاء,negative
اشكالكو,negative
اشمازاز,negative
اشمئزاز,negative
اصابه,negative
اصطناع,negative
اصعب,negative
اصفخص,negative
اصمت,negative
اصنام,negative
اصيب,negative
اضراب,negative
اضرب,negative
اضربو,negative
اضطراب,negative
اضطهاد,negative
اضمحلال,negative
اطاح,negative
اطرشيت,negative
اطماع,negative
اعاصير,negative
اعتبار,negative
اعتباط,negative
اعتداء,negative
اعتراض,negative
اعترض,negative
اعتصام,negative
اعتصم,negative
اعتصمت,negative
اعتقال,negative
اعتقل,negative
اعدام,negative
اعدائك,negative
اعدمو,negative
اعذار,negative
اعريك,negative
اعزاز,negative
اعمي,negative
اعور,negative
اعيل,negative
اغباء,negative
اغبيا,negative
اغبياء,negative
اغتال,negative
اغتصاب,negative
اغتصب,negative
اغتصبو,negative
اغتيال,negative
اغضب,negative
اغنام,negative
افاك,negative
افتر,negative
افتراء,negative
افتري,negative
افتعال,negative
افرم,negative
افساد,negative
افسد,negative
افسدت,negative
افشل,negative
افضحو,negative
افلاس,negative
افلس,negative
اقبح,negative
اقتحام,negative
اقتحم,negative
اقذر,negative
اقصاء,negative
اقهرك,negative
اكاذيب,negative
اكتئاب,negative
اكدب,negative
اكذب,negative
اكذوبه,negative
اكره,negative
اكفر,negative
الافتراء,negative
الاقنعه,negative
الالتزام,negative
الام,negative
الجفاف,negative
الحاد,negative
الحافي,negative
الفران,negative
الم,negative
المخلوع,negative
النصيبه,negative
امثل,negative
امكو,negative
اموت,negative
انانيتك,negative
انبش,negative
انتحار,negative
انتحر,negative
انتحرت,negative
انتش,negative
انتقاد,negative
انتقاض,negative
انتقام,negative
انتقد,negative
انتقم,negative
انتن,negative
انتهار,negative
انتهاز,negative
انتهازي,negative
انتهاك,negative
انتهكت,negative
انجاس,negative
انجرحت,negative
انجس,negative
انحدار,negative
انحدرت,negative
انحطاط,negative
اندال,negative
اندل,negative
انسحب,negative
انسرق,negative
انشغال,negative
انضرب,negative
انظلم,negative
انفصال,negative
انفصام,negative
انفعل,negative
انفلات,negative
انقاض,negative
انقسام,negative
انقطاع,negative
انقلاب,negative
انكار,negative
انكشفت,negative
انيل,negative
اهاجم,negative
اهانه,negative
اهانو,negative
اهبل,negative
اهدار,negative
اهدارا,negative
اهطل,negative
اهمال,negative
اهمد,negative
اوباش,negative
اوبئه,negative
اوساخ,negative
اوسخ,negative
اوع,negative
اوعا,negative
اوعوا,negative
اومك,negative
اونطجي,negative
اونطه,negative
اياكم,negative
ايدز,negative
ايذائ,negative
ايذائه,negative
ايهانه,negative
إجهاض,negative
أغبيه,negative
باحتقرك,negative
بارد,negative
باطل,negative
باظت,negative
باع,negative
باعو,negative
بالعافيه ,negative
بانجو,negative
باهظ,negative
بايخ,negative
بايظ,negative
بائد,negative
بتاكلك,negative
بتبجح,negative
بتبلطج,negative
بتبهدل,negative
بتبوظ,negative
بتتبل,negative
بتتحرق,negative
بتترعبو,negative
بتتسحل,negative
بتتسرق,negative
بتتشتم,negative
بتتشطر,negative
بتتضرب,negative
بتتظاهر,negative
بتتفقع,negative
بتتكسر,negative
بتتناك,negative
بتتهدم,negative
بتجوع,negative
بتحرض,negative
بتحشش,negative
بتخاف,negative
بتخر,negative
بتخرب,negative
بتخون,negative
بتذل,negative
بتريل,negative
بتزعق,negative
بتستظرف,negative
بتشتم,negative
بتشتمو,negative
بتصرخ,negative
بتضايقك,negative
بتضيع,negative
بتقل,negative
بتكدب,negative
بتموت,negative
بتناضل,negative
بتنجس,negative
بتهاجم,negative
بتهاجمك,negative
بتهتف,negative
بتهرتل,negative
بتهزر,negative
بتهيج,negative
بتوجع,negative
بتولع,negative
بجاحتك,negative
بجاحه,negative
بجح,negative
بجم,negative
بجهل,negative
بحزرك,negative
بخبث,negative
بدمار,negative
بذاء,negative
بذائه,negative
بذمتكو,negative
بذيء,negative
بذيئ,negative
بردع,negative
بردعه,negative
برسيم,negative
برشم,negative
برطوش,negative
برهج,negative
برياله,negative
بزمتك,negative
بسب,negative
بسباب,negative
بسببك,negative
بسكاتك,negative
بسيط,negative
بشتم,negative
بشتيمتك,negative
بشع,negative
بضن,negative
بضيع,negative
بطاله,negative
بطش,negative
بطئ,negative
بظرميط,negative
بظلمك,negative
بعبع,negative
بعزق,negative
بعيب,negative
بعيط,negative
بغال,negative
بغباؤه,negative
بغدر,negative
بغض,negative
بغضا,negative
بغل,negative
بغيظ,negative
بغيظكم,negative
بفتات,negative
بقتلو,negative
بقر,negative
بكرهك,negative
بكي,negative
بلاغ,negative
بلاغات,negative
بلاهه,negative
بلاوي,negative
بلط,negative
بلطج,negative
بلطجه,negative
بلطجي,negative
بلطجيه,negative
بلع,negative
بلهاء,negative
بنتسحل,negative
بنتعر,negative
بنتكلم,negative
بنحرق,negative
بنخاف,negative
بندمر,negative
بنركبك,negative
بنزيف,negative
بنشتم,negative
بنضرب,negative
بنعقد,negative
بنعيد,negative
بنفضح,negative
بنكذب,negative
بنكرهك,negative
بننتقض,negative
بهاايم,negative
بهايم,negative
بهائم,negative
بهتان,negative
بهدل,negative
بهدلتو,negative
بهدلتوهم,negative
بهدله,negative
بهوس,negative
بهيم,negative
بهيمه,negative
بواختك,negative
بوذ,negative
بوظ,negative
بيتجنن,negative
بيتريق,negative
بيتشتم,negative
بيتشطف,negative
بيتظاهروا,negative
بيتعاط,negative
بيتعصب,negative
بيتعل,negative
بيتقتل,negative
بيتنطط,negative
بيتنك,negative
بيتهبل,negative
بيحبسهم,negative
بيحبط,negative
بيحبطن,negative
بيحتل,negative
بيحذرو,negative
بيحرض,negative
بيحشش,negative
بيخطفو,negative
بيخطئ,negative
بيردوش,negative
بيره,negative
بيزعق,negative
بيستغل,negative
بيستهبل,negative
بيشتم,negative
بيشتم ,negative
بيشتمك,negative
بيشتموك,negative
بيشمت,negative
بيضربو,negative
بيطرش,negative
بيظبط,negative
بيعيط,negative
بيغظ,negative
بيغلط,negative
بيفرق,negative
بيقبض,negative
بيقبضو,negative
بيقبضوك,negative
بيكابر,negative
بيكاك,negative
بيكدب,negative
بيكذب,negative
بيلطش,negative
بيموتو,negative
بيموتوا,negative
بيناضل,negative
بينتحل,negative
بينداس,negative
بيهجص,negative
بيهدد,negative
بيهرب,negative
بيهرتل,negative
بيهزر,negative
بيهش,negative
بيهفلت,negative
بيهلفط,negative
بيهيج,negative
تافه,negative
تافهه,negative
تاكلك,negative
تايه,negative
تايهه,negative
تباطؤ,negative
تبجح,negative
تبذ,negative
تبضن,negative
تبطل,negative
تبك,negative
تبكي,negative
تبيح,negative
تتبعزق,negative
تتجاهل,negative
تتحبس,negative
تتحبسوا,negative
تتحرق,negative
تتحسر,negative
تتحشر,negative
تتخاذل,negative
تتخاصم,negative
تتخرس,negative
تتخزوق,negative
تتخض,negative
تتخطف,negative
تتخلي,negative
تتراجع,negative
تترب,negative
تتربي,negative
تترحم,negative
تتردد,negative
تتريق,negative
تتسجن,negative
تتسحل,negative
تتسلح,negative
تتسول,negative
تتشتم,negative
تتشرد,negative
تتشل,negative
تتشلح,negative
تتشملل,negative
تتصاب,negative
تتطاول,negative
تتظاهر,negative
تتظاهرون,negative
تتظلم,negative
تتعارض,negative
تتعاطوها,negative
تتعدم,negative
تتعذب,negative
تتعر,negative
تتعرض,negative
تتعظوا,negative
تتعقب,negative
تتفرس,negative
تتفنن,negative
تتقاعدوا,negative
تتقبض,negative
تتقتلو,negative
تتقمص,negative
تتكتم,negative
تتكسف,negative
تتلسع,negative
تتلم,negative
تتمسح,negative
تتمم,negative
تتناك,negative
تتنح,negative
تتنفخ,negative
تتنكر,negative
تتنيل,negative
تتهان,negative
تتهد,negative
تتهدد,negative
تتهم,negative
تتهومنا,negative
تتواطا,negative
تتوب,negative
تتورطوا,negative
تتوكس,negative
تجادل,negative
تجاهل,negative
تجبر,negative
تجرح,negative
تجرعت,negative
تجرو,negative
تجريح,negative
تجريم,negative
تجسس,negative
تجوع,negative
تجويع,negative
تحارب,negative
تحاسب,negative
تحاصر,negative
تحاكمك,negative
تحايل,negative
تحبس,negative
تحبط,negative
تحتج,negative
تحترق,negative
تحتقر,negative
تحذر,negative
تحذير,negative
تحرش,negative
تحرق,negative
تحرم,negative
تحرمنا,negative
تحرمو,negative
تحريض,negative
تحريضك,negative
تحزن,negative
تحسد,negative
تحسس,negative
تحسسو,negative
تحشر,negative
تحشيش,negative
تحطم,negative
تحقتر,negative
تحقير,negative
تحك,negative
تحملتم,negative
تخاذل,negative
تخاريف,negative
تخازل,negative
تخاف,negative
تخب,negative
تخبط,negative
تخترق,negative
تختلفي,negative
تخجل,negative
تخدر,negative
تخدع,negative
تخدك,negative
تخذلكم,negative
تخرب,negative
تخرس,negative
تخرص,negative
تخريب,negative
تخريف,negative
تخز,negative
تخسر,negative
تخش,negative
تخشي,negative
تخض,negative
تخطء,negative
تخطيء,negative
تخطئ,negative
تخلص,negative
تخلصكم,negative
تخلف,negative
تخوف,negative
تخون,negative
تخونو,negative
تخويف,negative
تخوين,negative
تخيف,negative
تخين,negative
تدافع,negative
تدبحو,negative
تدعمه,negative
تدعي,negative
تدلس,negative
تدليس,negative
تدمر,negative
تدمير,negative
تدني,negative
تدهور,negative
تذبح,negative
تراجع,negative
تراشق,negative
تراق,negative
ترامادول,negative
تربوك,negative
تربيك,negative
تربيه,negative
ترتجف,negative
ترحل,negative
ترعب,negative
ترفض,negative
ترك,negative
تركب,negative
تركبك,negative
تركع,negative
تركيع,negative
ترمادول,negative
ترموك,negative
ترن,negative
ترهيب,negative
تريقه,negative
تزرط,negative
تزعل,negative
تزعلك,negative
تزعلو,negative
تزلزل,negative
تزهق,negative
تزوغ,negative
تزوير,negative
تزيح,negative
تزيط,negative
تزييف,negative
تسب,negative
تستاهلوا,negative
تستبيحو,negative
تستجعل,negative
تستخف,negative
تستدرج,negative
تستسلم,negative
تستغل,negative
تستغيث,negative
تستلم,negative
تستنجد,negative
تستنزف,negative
تستنكرون,negative
تستهبلوش,negative
تستهزء,negative
تسجن,negative
تسجنو,negative
تسخر,negative
تسخن,negative
تسرق,negative
تسرقو,negative
تسريب,negative
تسفك,negative
تسفل,negative
تسقط,negative
تسقطو,negative
تسكت,negative
تسلط,negative
تسليح,negative
تسليط,negative
تسول,negative
تسويس,negative
تسيئ,negative
تشتت,negative
تشتم,negative
تشتمو,negative
تشتموك,negative
تشتيت,negative
تشجب,negative
تشخير,negative
تشد,negative
تشدد,negative
تشرذم,negative
تشعل,negative
تشل,negative
تشوه,negative
تشوهو,negative
تشويهه,negative
تشيع,negative
تشيل,negative
تصاب,negative
تصبر,negative
تصبرك,negative
تصتدم,negative
تصرخ,negative
تصفيه,negative
تصمت,negative
تصيح,negative
تضر,negative
تضرب,negative
تضربك,negative
تضطر,negative
تضعف,negative
تضللو,negative
تضليل,negative
تضيع,negative
تضييع,negative
تطاول,negative
تطبيل,negative
تطرف,negative
تطع,negative
تطعن,negative
تطغ,negative
تطغي,negative
تطهر,negative
تظاهر,negative
تظلم,negative
تعارض,negative
تعاقب,negative
تعاقبه,negative
تعب,negative
تعبان,negative
تعبت,negative
تعتدوا,negative
تعترض,negative
تعترف,negative
تعتفر,negative
تعتقل,negative
تعتقلع,negative
تعتقلو,negative
تعتيم,negative
تعجيز,negative
تعدم,negative
تعدي,negative
تعدياً,negative
تعذب,negative
تعذبو,negative
تعذيب,negative
تعر,negative
تعرص,negative
تعري,negative
تعريس,negative
تعريص,negative
تعريك,negative
تعريه,negative
تعزل,negative
تعزلوا,negative
تعسر,negative
تعسف,negative
تعصب,negative
تعصي,negative
تعط,negative
تعطيل,negative
تعل,negative
تعور,negative
تعورو,negative
تعورين,negative
تعويض,negative
تعيط,negative
تغتصب,negative
تغرق,negative
تغش,negative
تغصبن,negative
تغضب,negative
تغلط,negative
تغللط,negative
تغور,negative
تغيب,negative
تف,negative
تفاهه,negative
تفتت,negative
تفتر,negative
تفتن,negative
تفتي,negative
تفتيت,negative
تفتيش,negative
تفجير,negative
تفر,negative
تفرس,negative
تفرفر,negative
تفرقه,negative
تفريق,negative
تفز,negative
تفسد,negative
تفشخ,negative
تفشخك,negative
تفشل,negative
تفضح,negative
تفضحك,negative
تفلس,negative
تفو,negative
تفوقوا,negative
تقاضي,negative
تقاعس,negative
تقاعص,negative
تقاوم,negative
تقبض,negative
تقتحم,negative
تقتص,negative
تقتل,negative
تقتلك,negative
تقتلو,negative
تقرصيهم,negative
تقرف,negative
تقريص,negative
تقصر,negative
تقضي,negative
تقع,negative
تقل,negative
تقلعوك,negative
تقليل,negative
تقيل,negative
تكتم,negative
تكدب,negative
تكدس,negative
تكذب,negative
تكذبو,negative
تكذبوا,negative
تكذيب,negative
تكر,negative
تكره,negative
تكرهك,negative
تكسر,negative
تكسرو,negative
تكسف,negative
تكسير,negative
تكشف,negative
تكفر,negative
تكلك,negative
تكميم,negative
تلاعب,negative
تلجا,negative
تلجمك,negative
تلديس,negative
تلزقو,negative
تلطش,negative
تلعن,negative
تلعنك,negative
تلغي,negative
تلفيق,negative
تلقن,negative
تلم,negative
تلميح,negative
تلوث,negative
تليف,negative
تماطل,negative
تمثيل,negative
تمرد,negative
تمسخرك,negative
تمكر,negative
تمنع,negative
تمهل,negative
تموت,negative
تمويه,negative
تنافق,negative
تناقض,negative
تنبح,negative
تنتحر,negative
تنتحل,negative
تنتقد,negative
تنتقم,negative
تنتن,negative
تنتنيل,negative
تنتهي,negative
تنح,negative
تنحني,negative
تنخرس,negative
تندد,negative
تنديد,negative
تنرفز,negative
تنرفزن,negative
تنزع,negative
تنزف,negative
تنس,negative
تنسا,negative
تنسحب,negative
تنسو,negative
تنضرب,negative
تنفخ,negative
تنفضح,negative
تنقط,negative
تنكر,negative
تنكران,negative
تنكرها,negative
تنهبو,negative
تنهزم,negative
تنهش,negative
تنور,negative
تنيكك,negative
تنين,negative
تنييكك,negative
تهاجم,negative
تهان,negative
تهب,negative
تهتك,negative
تهد,negative
تهدد,negative
تهدر,negative
تهدم,negative
تهديد,negative
تهرب,negative
تهرتل,negative
تهريب,negative
تهريج,negative
تهزء,negative
تهزيء,negative
تهزيق,negative
تهزئ,negative
تهش,negative
تهكم,negative
تهمل,negative
تهمه,negative
تهميش,negative
تهور,negative
تهيج,negative
تهين,negative
تهييس,negative
تهييص,negative
تواطء,negative
تواطؤ,negative
توتر,negative
توجع,negative
تورط,negative
توري,negative
توريط,negative
تولع,negative
تولعو,negative
تولول,negative
توليع,negative
تؤجل,negative
تؤسفن,negative
ثعلب,negative
جازم,negative
جاسوس,negative
جاموس,negative
جاهل,negative
جايف,negative
جائر,negative
جبابر,negative
جبار,negative
جبان,negative
جبر,negative
جبروت,negative
جبن,negative
جبنك,negative
جثث,negative
جثمان,negative
جثه,negative
جحش,negative
جحود,negative
جحيم,negative
جدل,negative
جذم,negative
جراح,negative
جربوع,negative
جرح,negative
جرف,negative
جريمه,negative
جزم,negative
جزمه,negative
جشع,negative
جعان,negative
جفاء,negative
جلاد,negative
جلد,negative
جلط,negative
جلطه,negative
جمود,negative
جموس,negative
جنايه,negative
جنائي,negative
جنحه,negative
جنس,negative
جنن,negative
جننتو,negative
جننو,negative
جهال,negative
جهل,negative
جهنم,negative
جهيل,negative
جواسيس,negative
جيص,negative
حابس,negative
حارب,negative
حازق,negative
حاسب,negative
حاصر,negative
حاقد,negative
حانتحر,negative
حائر,negative
حبس,negative
حبسجي,negative
حبط,negative
حبيس,negative
حتتفشخ,negative
حتضييع,negative
حتعتقلو,negative
حثال,negative
حجه,negative
حدق,negative
حذاء,negative
حذاري,negative
حذر,negative
حراسه,negative
حرام,negative
حرامي,negative
حرب,negative
حرباً,negative
حرج,negative
حرض,negative
حرف,negative
حرق,negative
حرم,negative
حريق,negative
حزر,negative
حزمه,negative
حزن,negative
حزومبل,negative
حزين,negative
حسد,negative
حسره,negative
حسس,negative
حش,negative
حشاش,negative
حشر,negative
حشره,negative
حشش,negative
حشيش,negative
حشيشه,negative
حصار,negative
حطم,negative
حظر,negative
حقاره,negative
حقد,negative
حقدك,negative
حقر,negative
حقود,negative
حقودي,negative
حقير,negative
حلف,negative
حمار,negative
حماقتك,negative
حماقه,negative
حمرا,negative
حنخلص,negative
حنضيع,negative
حنموت,negative
حوادث,negative
حوست,negative
حيتخلع,negative
حيدمر,negative
حيضيع,negative
حيل,negative
حيموت,negative
حيوان,negative
خاب,negative
خابور,negative
خادع,negative
خارب,negative
خازوق,negative
خاسر,negative
خاصم,negative
خاطف,negative
خاطئ,negative
خاف,negative
خالف,negative
خان,negative
خانو,negative
خايب,negative
خايف,negative
خاين,negative
خائب,negative
خائف,negative
خائن,negative
خائنو,negative
خبتكو,negative
خبث,negative
خبط,negative
خبطت,negative
خبيت,negative
خبيث,negative
خداع,negative
خدر,negative
خدع,negative
خذل,negative
خرا,negative
خراب,negative
خرار,negative
خراشي,negative
خراف,negative
خرافه,negative
خرب,negative
خربان,negative
خربت,negative
خربتو,negative
خربو,negative
خربوا,negative
خرس,negative
خرسان,negative
خرست,negative
خرص,negative
خرطوش,negative
خرنق,negative
خره,negative
خريس,negative
خزعبل,negative
خزعبلي,negative
خزوق,negative
خزي,negative
خسارتك,negative
خساره,negative
خساسه,negative
خسر,negative
خسرت,negative
خسرتك,negative
خسرناك,negative
خسه,negative
خسيس,negative
خسئت,negative
خسئتم,negative
خش,negative
خصارتك,negative
خصومهم,negative
خطء,negative
خطأ,negative
خطر,negative
خطف,negative
خطوره,negative
خطير,negative
خطيرا,negative
خطئ,negative
خف,negative
خفه,negative
خلص,negative
خلصو,negative
خلع,negative
خلل,negative
خمر,negative
خمورج,negative
خنازير,negative
خناق,negative
خنق,negative
خنوع,negative
خوازيق,negative
خوف,negative
خوفك,negative
خول,negative
خون,negative
خونتو,negative
خيانه,negative
خيبتك,negative
خيبه,negative
خيخا,negative
خيسه,negative
خيل,negative
دابه,negative
داس,negative
داعر,negative
داهيه,negative
دبح,negative
دبحتن,negative
دجال,negative
دجل,negative
دزم,negative
دعاره,negative
دعاوي,negative
دعس,negative
دكتاتور,negative
دكه,negative
دلدول,negative
دم,negative
دماء,negative
دمار,negative
دمائه,negative
دمر,negative
دمع,negative
دمعا,negative
دمكم,negative
دموع,negative
دموي,negative
دني,negative
دنيء,negative
دهاء,negative
دهاك,negative
دهس,negative
دهيه,negative
دياث,negative
ديكتاتور,negative
ديوس,negative
ذباب,negative
ذبال,negative
ذبح,negative
ذبحو,negative
ذعر,negative
ذل,negative
ذليل,negative
ذنب,negative
ذنبك,negative
ذنوبي,negative
ذئب,negative
رافص,negative
راقاص,negative
راقص,negative
راكبك,negative
ربايه,negative
رجم,negative
رخاوه,negative
رخيص,negative
ردح,negative
ردع,negative
رذيله,negative
رزع,negative
رزل,negative
رشاش,negative
رشوه,negative
رصاص,negative
رصاصه,negative
رعاع,negative
رعب,negative
رعبا,negative
رغاي,negative
رفسه,negative
رفص,negative
رفض,negative
رقاص,negative
رقص,negative
ركب,negative
ركع,negative
ركيك,negative
رما,negative
رمم,negative
رهيب,negative
رهينه,negative
روث,negative
روحمك,negative
رويبض,negative
رياء,negative
رياله,negative
زال,negative
زاني,negative
زائف,negative
زائل,negative
زباله,negative
زبانيه,negative
زبر,negative
زبيانت,negative
زج,negative
زجت,negative
زحم,negative
زحمه,negative
زراط,negative
زرط,negative
زعابيب,negative
زعج,negative
زعر,negative
زعق,negative
زعل,negative
زعلان,negative
زعلت,negative
زعيق,negative
زغط,negative
زفاره,negative
زفت,negative
زفتت,negative
زلازل,negative
زله,negative
زنا,negative
زنب,negative
زنبورها,negative
زندق,negative
زنديق,negative
زنزان,negative
زني,negative
زهايمر,negative
زهق,negative
زهقت,negative
زهقو,negative
زوال,negative
زور,negative
زيط,negative
زيف,negative
ساختك,negative
ساخر,negative
ساذج,negative
سارق,negative
سارقو,negative
سازج,negative
سازجته,negative
سازجتي,negative
سافضح,negative
سافك,negative
سافل,negative
ساقط,negative
ساكت,negative
سايس,negative
سب,negative
سباب,negative
سبكو,negative
سبه,negative
سبها,negative
سبهلل,negative
سبهم,negative
سبو,negative
سبي,negative
ستحتل,negative
ستعزله,negative
ستفتضح,negative
سجن,negative
سحاق,negative
سحب,negative
سحبها,negative
سحل,negative
سحلت,negative
سحلو,negative
سحوق,negative
سخافتك,negative
سخافه,negative
سخر,negative
سخريتك,negative
سخريه,negative
سخف,negative
سخن,negative
سخيف,negative
سذاجه,negative
سذج,negative
سرق,negative
سرقت,negative
سرقه,negative
سرقو,negative
سزاج,negative
سزاجه,negative
سطحي,negative
سعران,negative
سفاح,negative
سفاحا,negative
سفاف,negative
سفاقه,negative
سفاله,negative
سفاهه,negative
سفك,negative
سفل,negative
سفله,negative
سفه,negative
سفهاء,negative
سفيه,negative
سقط,negative
سقطت,negative
سقوطك,negative
سكت,negative
سكر,negative
سكير,negative
سكين,negative
سلب,negative
سلبي,negative
سلبيات,negative
سلبيتهم,negative
سلط,negative
سلطاء,negative
سلطانيه,negative
سلطوه,negative
سليط,negative
سم,negative
سمم,negative
سمومك,negative
سنج,negative
سهتان,negative
سوء,negative
سواد,negative
سوسه,negative
سوط,negative
سيس,negative
سيقمع,negative
سيلعن,negative
سينس,negative
سيئ,negative
شاخخ,negative
شاد,negative
شاذ,negative
شافط,negative
شائع,negative
شباشب,negative
شبشب,negative
شبه,negative
شتايم,negative
شتت,negative
شتم,negative
شتمت,negative
شتمتن,negative
شتمو,negative
شتيمه,negative
شجب,negative
شخ,negative
شخر,negative
شخه,negative
شدد,negative
شذوذ,negative
شر,negative
شراميط,negative
شرد,negative
شرس,negative
شرشح,negative
شرشر,negative
شرمط,negative
شرموط,negative
شرموطه,negative
شرير,negative
شطه,negative
شفط,negative
شق,negative
شك,negative
شكاوي,negative
شكك,negative
شكم,negative
شكوي,negative
شكي,negative
شل,negative
شلبوك,negative
شلل,negative
شلوط,negative
شماريخ,negative
شماشيرج,negative
شمام,negative
شمتان,negative
شهوات,negative
شهواتك,negative
شهوه,negative
شوخير,negative
شوشر,negative
شوم,negative
شوه,negative
شوهت,negative
شيطان,negative
شيطن,negative
شيع,negative
صابتن,negative
صامت,negative
صامتون,negative
صايع,negative
صخب,negative
صدفه,negative
صدم,negative
صراخ,negative
صراع,negative
صراعات,negative
صرخ,negative
صرصار,negative
صرع,negative
صريخ,negative
صعب,negative
صعبه,negative
صفاقه,negative
صفع,negative
صفيق,negative
صلب,negative
صلبو,negative
صليبي,negative
صليبيين,negative
صمت,negative
صمتا,negative
صمود,negative
صهاينه,negative
صهيون,negative
صهيوني,negative
صيع,negative
ضاع,negative
ضاعت,negative
ضال,negative
ضايع,negative
ضائع,negative
ضجيج,negative
ضحاله,negative
ضحل,negative
ضد,negative
ضده,negative
ضدي,negative
ضرب,negative
ضربت,negative
ضربو,negative
ضرر,negative
ضعاف,negative
ضعف,negative
ضعفك,negative
ضعيف,negative
ضلال,negative
ضلل,negative
ضلمه,negative
ضياع,negative
ضيع,negative
ضيق,negative
طاح,negative
طاعن,negative
طاغي,negative
طاغيه,negative
طاغيه,negative
طامعين,negative
طاوعن,negative
طائش,negative
طبال,negative
طبطب,negative
طبل,negative
طحن,negative
طخين,negative
طراطير,negative
طرد,negative
طرطور,negative
طرقع,negative
طرمخ,negative
طرمخ ,negative
طز,negative
طظ,negative
طعان,negative
طعن,negative
طعنًا,negative
طغي,negative
طغيان,negative
طفح,negative
طفش,negative
طلق,negative
طماع,negative
طمس,negative
طمع,negative
طوبه,negative
طويل,negative
طيز,negative
طيزك,negative
طيزه,negative
طيش,negative
طيظك,negative
ظالم,negative
ظلام,negative
ظلم,negative
ظلما,negative
ظلمه,negative
عابوك,negative
عار,negative
عارك,negative
عاركه,negative
عاصف,negative
عاطل,negative
عافيه,negative
عاق,negative
عاقب,negative
عالخيبه,negative
عاهر,negative
عاهرات,negative
عاويل,negative
عبث,negative
عبره,negative
عبط,negative
عبوا,negative
عبوكوا,negative
عبيد,negative
عبيط,negative
عتم,negative
عتوا,negative
عجب,negative
عجرف,negative
عجرفة,negative
عجز,negative
عجزهم,negative
عجل,negative
عدائي,negative
عدو,negative
عدوي,negative
عذاب,negative
عذب,negative
عذبت,negative
عذر,negative
عذري,negative
عرا,negative
عرس,negative
عرص,negative
عرقلت,negative
عره,negative
عروه,negative
عري,negative
عريان,negative
عزاء,negative
عزل,negative
عزو,negative
عسر,negative
عسف,negative
عسير,negative
عشوائ,negative
عشوائيه,negative
عصابه,negative
عصابي,negative
عصب,negative
عصبى,negative
عصبيه,negative
عصف,negative
عصي,negative
عصيان,negative
عصيانك,negative
عصيب,negative
عطل,negative
عفريت,negative
عفن,negative
عفنت,negative
عك,negative
عكش,negative
علق,negative
علقه,negative
عمي,negative
عميل,negative
عناء,negative
عناد,negative
عنتري,negative
عنجهيه,negative
عنصري,negative
عنصريه,negative
عنف,negative
عنوا,negative
عنيف,negative
عنيفه,negative
عهر,negative
عوالم,negative
عور,negative
عوض,negative
عويل,negative
عياط,negative
عياط,negative
عيب,negative
عيبًا,negative
عيط,negative
عيطت,negative
عيل,negative
غار,negative
غاضب,negative
غافل,negative
غبا,negative
غباء,negative
غباوه,negative
غباؤ,negative
غبائ,negative
غبائك,negative
غبائه,negative
غبي,negative
غبيي,negative
غتيت,negative
غجر,negative
غدار,negative
غدر,negative
غدرا,negative
غرر,negative
غرق,negative
غرمان,negative
غرور,negative
غريب,negative
غريبه,negative
غريم,negative
غش,negative
غشاش,negative
غشك,negative
غصب,negative
غصبا,negative
غضب,negative
غضبك,negative
غفل,negative
غفو,negative
غل,negative
غلاستك,negative
غلاسه,negative
غلب,negative
غلبان,negative
غلبانه,negative
غلس,negative
غلط,negative
غلطان,negative
غلطت,negative
غلطه,negative
غلظ,negative
غلوش,negative
غلول,negative
غم,negative
غمه,negative
غور,negative
غوغاء,negative
غوغائ,negative
غيبو,negative
غيظ,negative
غيظك,negative
فاتر,negative
فاجر,negative
فاحش,negative
فاسد,negative
فاسدين,negative
فاسق,negative
فاشخ,negative
فاشل,negative
فاشي,negative
فاشيه,negative
فاضي,negative
فاضيالكو,negative
فاقت,negative
فالح,negative
فايح,negative
فبرك,negative
فتت,negative
فتش,negative
فتن,negative
فتوه,negative
فجر,negative
فجل,negative
فجور,negative
فحش,negative
فخ,negative
فخفخ,negative
فرت,negative
فرس,negative
فرط,negative
فرعن,negative
فرفر,negative
فرم,negative
فساد,negative
فسادا,negative
فسد,negative
فسدت,negative
فسق,negative
فسل,negative
فشخ,negative
فشر,negative
فشل,negative
فشلت,negative
فشلتم,negative
فشيخ,negative
فشيق,negative
فصل,negative
فضح,negative
فضحت,negative
فضحتو,negative
فضيحه,negative
فظ,negative
فظاظ,negative
فظيع,negative
فقر,negative
فقعتولها,negative
فقعتوهال,negative
فقك,negative
فقير,negative
فكك,negative
فككم,negative
فكيك,negative
فلس,negative
فلول,negative
فنجري,negative
فوضوي,negative
فوضي,negative
فوقوا,negative
فياجرا,negative
قابض,negative
قاتل,negative
قاذورات,negative
قارف,negative
قاس,negative
قاص,negative
قاصي,negative
قاطع,negative
قاع,negative
قباح,negative
قباحه,negative
قبح,negative
قبر,negative
قبض,negative
قبضت,negative
قبيح,negative
قتال,negative
قتل,negative
قتلت,negative
قتلتو,negative
قتلو,negative
قتلي,negative
قتيل,negative
قحاب,negative
قحب,negative
قذارتك,negative
قذاره,negative
قذر,negative
قذزر,negative
قذير,negative
قرد,negative
قرص,negative
قرطستك ,negative
قرف,negative
قرفت,negative
قرفو,negative
قرود,negative
قسوه,negative
قصاص,negative
قصر,negative
قصفها,negative
قضايا,negative
قضائيه,negative
قضي,negative
قطع,negative
قطعتو,negative
قفانا,negative
قلش,negative
قلق,negative
قمع,negative
قمعك,negative
قنبله,negative
قنص,negative
قهر,negative
كاتم,negative
كادب,negative
كادح,negative
كاذب,negative
كاذبو,negative
كاذبون,negative
كارثه,negative
كاره,negative
كازب,negative
كافر,negative
كائد,negative
كائدين,negative
كبت,negative
كبرا,negative
كتاتون,negative
كتاكيت,negative
كتاكيتو,negative
كتاويت,negative
كتف,negative
كتفو,negative
كتم,negative
كحم,negative
كخه,negative
كداب,negative
كدب,negative
كدبو,negative
كدس,negative
كذااب,negative
كذاب,negative
كذب,negative
كذبا,negative
كذبت,negative
كراهيه,negative
كرب,negative
كرباج,negative
كره,negative
كرهاك,negative
كرهت,negative
كرهناك,negative
كرهو ,negative
كرهوا,negative
كريه,negative
كريهنك,negative
كس,negative
كستك,negative
كسر,negative
كسف,negative
كسك,negative
كسم,negative
كسمك,negative
كسه,negative
كسها,negative
كشر,negative
كفا,negative
كفار,negative
كفاك,negative
كفايا,negative
كفايه,negative
كفر,negative
كفرو,negative
كفن,negative
كلااب,negative
كلاب,negative
كلابا,negative
كلاكيع,negative
كلامنجي,negative
كلب,negative
كلك,negative
كلمانجي,negative
كلمنجي,negative
كماشه,negative
كمم,negative
كمين,negative
كوابيسك,negative
كوسه,negative
كيد,negative
كئابه,negative
كئيب,negative
لابس,negative
لاذع,negative
لامثالك,negative
لامؤاخذه,negative
لايهمل,negative
لبستو,negative
لبوه,negative
لتصمت,negative
لتقتيل,negative
لجا,negative
لجم,negative
لحس,negative
لحيسقط,negative
لذع,negative
لزق,negative
لسع,negative
لص,negative
لطش,negative
لطم,negative
لعان,negative
لعن,negative
لعنة,negative
لغط,negative
لغو,negative
لغي,negative
لفق,negative
لقن,negative
للغيظ,negative
لهب,negative
لهوي,negative
لواط,negative
لوث,negative
لوح,negative
لوطيا,negative
ليف,negative
لئيم,negative
مابحبكيش,negative
مابستحماش,negative
مابيعرفوش,negative
مات,negative
ماتت,negative
ماتربتيش,negative
ماتغور,negative
ماتو,negative
ماتوا,negative
ماجور,negative
مازق,negative
ماسخ,negative
ماسوني,negative
ماطل,negative
ماعندناش,negative
مافقناش,negative
مالكيش,negative
مانعرفوش,negative
مانموتك,negative
مايصحش,negative
مايل,negative
ماينفعش,negative
مأساه,negative
مأنتخ,negative
مبتحترميش,negative
مبتعرفش,negative
مبض,negative
مبول,negative
مت,negative
متاجر,negative
متأخر,negative
متأسلم,negative
متأمر,negative
متبعبص,negative
متبلطج,negative
متتعر,negative
متجاهل,negative
متحامل,negative
متحركوش,negative
متحزم,negative
متحول,negative
متخاذل,negative
متخفيش,negative
متخلف,negative
متخلفه,negative
مترب,negative
مترباش,negative
متستغلش,negative
متستغليش,negative
متسخ,negative
متسكتش,negative
متسكتيش,negative
متسلق,negative
متسول,negative
متشدد,negative
متشرد,negative
متشرمط,negative
متشيع,negative
متضايق,negative
متطرف,negative
متظاهر,negative
متظاهرون,negative
متظاهرين,negative
متعاط,negative
متعصب,negative
متعقد,negative
متعوس,negative
متغاظ,negative
متفجر,negative
متفحش,negative
متفرق,negative
متقاعس,negative
متقاعس ,negative
متقطع,negative
متقطعه,negative
متقلب,negative
متكبر,negative
متكتكتكت,negative
متكوكت,negative
متملق,negative
متناك,negative
متناكه,negative
متنفذش,negative
متنيل,negative
متهزئ,negative
متهم,negative
متهما,negative
متهوره,negative
متهيج,negative
متواطئ,negative
متوحش,negative
متيس,negative
مثلي,negative
مجبر,negative
مجحود,negative
مجرم,negative
مجزره,negative
مجنون,negative
مجهول,negative
مجوس,negative
محاصر,negative
محاكمتهم,negative
محال,negative
محايله,negative
محبط,negative
محبوس,negative
محبوسه,negative
محترمتش,negative
محتكر,negative
محتل,negative
محدود,negative
محرض,negative
محرف,negative
محروق,negative
محروم,negative
محزق,negative
محسوبيه,negative
محشش,negative
محصلتش,negative
محظور,negative
محكوم,negative
محموق,negative
محن,negative
مخادع,negative
مخالف,negative
مخب,negative
مخبول,negative
مختطف,negative
مختل,negative
مخدر,negative
مخرب,negative
مخربئه,negative
مخز,negative
مخطىء,negative
مخطئ,negative
مخل,negative
مخله,negative
مخلوع,negative
مخمور,negative
مخنوق,negative
مخيف,negative
مداعر,negative
مدايق,negative
مدايقه,negative
مدبر,negative
مدلس,negative
مدمر,negative
مدمن,negative
مذبحه,negative
مراره,negative
مراوغه,negative
مربكيش,negative
مربوطين,negative
مرتبك,negative
مرتزق,negative
مرتزقه,negative
مرض,negative
مرعب,negative
مرعوب,negative
مرفوض,negative
مرمط,negative
مريض,negative
مزاج,negative
مزايد,negative
مزحوم,negative
مزعج,negative
مزعلكم,negative
مزعلني,negative
مزقوق,negative
مزقوك,negative
مزور,negative
مزيف,negative
مساطيل,negative
مساوم,negative
مساومه,negative
مسبش,negative
مستبيع,negative
مستحمل,negative
مستحملينك,negative
مستحيل,negative
مستخب,negative
مستسلم,negative
مستغفلا,negative
مستفذ,negative
مستفز,negative
مستفزه,negative
مستكرد,negative
مستميت,negative
مستنسخ,negative
مستنقع,negative
مسجون,negative
مسجونين,negative
مسح,negative
مسخ,negative
مسخر,negative
مسخره,negative
مسرطن,negative
مسروق,negative
مسطول,negative
مسعور,negative
مسلح,negative
مسمم,negative
مسموم,negative
مسيء,negative
مسيءه,negative
مشاجره,negative
مشاكس,negative
مشاكل,negative
مشانق,negative
مشبوه,negative
مشتمش,negative
مشعوذ,negative
مشكل,negative
مشكلته,negative
مشكله,negative
مشموم,negative
مشوه,negative
مشين,negative
مصاب,negative
مصايب,negative
مصتبح,negative
مصرع,negative
مصطنع,negative
مصلحج,negative
مصيبه,negative
مضاد,negative
مضروب,negative
مضطرب,negative
مضلل,negative
مضيق,negative
مطبلاتي,negative
مطحون,negative
مطرود,negative
مطرودا,negative
مطعون,negative
مطمع,negative
مطوه,negative
مظالم,negative
مظاهرات,negative
مظاهراتهم,negative
مظاهره,negative
مظلمه,negative
مظلوم,negative
معاد,negative
معاداتك,negative
معارضه,negative
معارضيهم,negative
معاق,negative
معاناه,negative
معاند,negative
معتد,negative
معتقل,negative
معتقلين,negative
معتقلين,negative
معتقليين,negative
معتوه,negative
معدوم,negative
معرس,negative
معرص,negative
معركه,negative
معزول,negative
معشوق,negative
معصوم,negative
معصيه,negative
معفن,negative
معقد,negative
معقم,negative
معلش,negative
معناة,negative
معندهمش,negative
معوق,negative
معيب,negative
مغالط,negative
مغتاب,negative
مغتصب,negative
مغرر,negative
مغرض,negative
مغرور,negative
مغشوش,negative
مغفل,negative
مغلوط,negative
مغيب,negative
مفتت,negative
مفتر,negative
مفتري,negative
مفتريه,negative
مفتريين,negative
مفجوع,negative
مفرط,negative
مفسد,negative
مفشوخ,negative
مفضوح,negative
مفهمش,negative
مقاوم,negative
مقتك,negative
مقتل,negative
مقرف,negative
مقزز,negative
مقشف,negative
مقض,negative
مقطف,negative
مقلب,negative
مقلبظ,negative
مقموص,negative
مقهور,negative
مقيد,negative
مكبوت,negative
مكتف,negative
مكذوب,negative
مكر,negative
مكرو,negative
مكروب,negative
مكروه,negative
مكسوف,negative
مكشر,negative
ملاوع,negative
ملاوعه,negative
ملثم,negative
ملحد,negative
ملزق,negative
ملط,negative
ملطش,negative
ملعوب,negative
ملعون,negative
ملل,negative
ملوث,negative
ممسح,negative
ممل,negative
ممول,negative
مموه,negative
مميت,negative
مناخير,negative
منافق,negative
منافقو,negative
منافقيك,negative
منافقين,negative
منايك,negative
منتحر,negative
منتفع,negative
منتهك,negative
منحرف,negative
منحط,negative
منحل,negative
منحوس,negative
منخليش,negative
مندبه,negative
مندس,negative
منشق,negative
منع,negative
منعديهوش,negative
منفر,negative
منفصم,negative
منفعل,negative
منفلت,negative
منقوص,negative
منكر,negative
منكسفهوش,negative
منهار,negative
منهوب,negative
منوم,negative
منيل,negative
منيوك,negative
مهابيل,negative
مهاجم,negative
مهانه,negative
مهبوش,negative
مهبول,negative
مهتاج,negative
مهدر,negative
مهدود,negative
مهذب,negative
مهربه,negative
مهزء,negative
مهزا,negative
مهزل,negative
مهل,negative
مهمش,negative
مهنج,negative
مهين,negative
موءامر,negative
موائم,negative
موت,negative
موحوح,negative
موسخ,negative
موقوف,negative
موكوس,negative
مولتوف,negative
مولوتوف,negative
مومس,negative
موه,negative
موهوم,negative
مؤامر,negative
مؤامرات,negative
مؤامرت,negative
مؤامره,negative
مؤخر,negative
مؤذ,negative
مؤلم,negative
ميحسش,negative
ميسؤس,negative
ميلزمنيش,negative
نار,negative
نارك,negative
ناسي,negative
ناقص,negative
ناهب,negative
نايب,negative
نايكاك,negative
نباح,negative
نبح,negative
نبذ,negative
نبطل,negative
نبك,negative
نبكي,negative
نتبعزق,negative
نتجاهل,negative
نتحبس,negative
نتحبسو,negative
نتحرق,negative
نتحملك,negative
نتخاذل,negative
نتخاصم,negative
نتخانق,negative
نتخرس,negative
نتخزوق,negative
نتخض,negative
نتخطف,negative
نتخلي,negative
نتدخل,negative
نتراجع,negative
نترب,negative
نتربي,negative
نترحم,negative
نتردد,negative
نتريق,negative
نتسجن,negative
نتسحل,negative
نتسول,negative
نتش,negative
نتشتم,negative
نتشرد,negative
نتشل,negative
نتشلح,negative
نتشملل,negative
نتصاب,negative
نتطاول,negative
نتظاهر,negative
نتظلم,negative
نتعارض,negative
نتعاطوها,negative
نتعدم,negative
نتعذب,negative
نتعر,negative
نتعرض,negative
نتعقب,negative
نتكتم,negative
نتكسف,negative
نتلسع,negative
نتلم,negative
نتمسح,negative
نتن,negative
نتناقض,negative
نتناك,negative
نتنح,negative
نتنفخ,negative
نتنكر,negative
نتنيل,negative
نتهان,negative
نتهد,negative
نتهم,negative
نتواطأ,negative
نتوب,negative
نتوكس,negative
نجادل,negative
نجاس,negative
نجد,negative
نجرح,negative
نجرو,negative
نجس,negative
نجسس,negative
نجوع,negative
نحارب,negative
نحاسب,negative
نحاكم,negative
نحاكمك,negative
نحبس,negative
نحتج,negative
نحترق,negative
نحتقر,negative
نحذر,negative
نحرق,negative
نحرم,negative
نحرمو,negative
نحزن,negative
نحس,negative
نحسد,negative
نحسس,negative
نحشر,negative
نحطم,negative
نحقتر,negative
نحيتك,negative
نخازل,negative
نخاف,negative
نخالف,negative
نخب,negative
نخبط,negative
نخجل,negative
نخدع,negative
نخذلكم,negative
نخرب,negative
نخرس,negative
نخرص,negative
نخريب,negative
نخز,negative
نخسر,negative
نخش,negative
نخشي,negative
نخطء,negative
نخطيء,negative
نخطئ,negative
نخلص,negative
نخلصكم,negative
نخلف,negative
نخوف,negative
نخون,negative
نخونو,negative
نخوين,negative
نخيف,negative
ندافع,negative
ندام,negative
ندبحو,negative
ندد,negative
ندعمه,negative
ندعي,negative
ندم,negative
نذبح,negative
نربوك,negative
نربي,negative
نربيك,negative
نرتجف,negative
نرحل,negative
نردح,negative
نرعب,negative
نرفزه,negative
نرفض,negative
نركبك,negative
نرموك,negative
نرن,negative
نريح,negative
نريق,negative
نزايد,negative
نزرط,negative
نزع,negative
نزعل,negative
نزعلك,negative
نزعلو,negative
نزف,negative
نزلزل,negative
نزهق,negative
نزوغ,negative
نزوه,negative
نزيح,negative
نزيط,negative
نساي,negative
نسب,negative
نستبعد,negative
نستجعل,negative
نستخف,negative
نستدرج,negative
نستسلم,negative
نستغل,negative
نستغيث,negative
نستلم,negative
نستنجد,negative
نستنزف,negative
نستهزء,negative
نسجن,negative
نسجنو,negative
نسخر,negative
نسرق,negative
نسف,negative
نسفك,negative
نسفل,negative
نسقط,negative
نسكت,negative
نسوان,negative
نسون,negative
نسي,negative
نسيئ,negative
نشتت,negative
نشتم,negative
نشتمو,negative
نشتموك,negative
نشجب,negative
نشد,negative
نشدد,negative
نشعل,negative
نشل,negative
نشوه,negative
نشيع,negative
نشيل,negative
نصاب,negative
نصب,negative
نصبر,negative
نصتدم,negative
نصرخ,negative
نصمت,negative
نصيح,negative
نضر,negative
نضرب,negative
نضربك,negative
نضطر,negative
نضعف,negative
نضللو,negative
نضيع,negative
نضييع,negative
نطع,negative
نطعن,negative
نطغ,negative
نطغي,negative
نطهر,negative
نظلم,negative
نعاج,negative
نعارض,negative
نعاقب,negative
نعاقبه,negative
نعترض,negative
نعترف,negative
نعتقل,negative
نعتقلع,negative
نعتقلو,negative
نعدم,negative
نعذب,negative
نعر,negative
نعرص,negative
نعري,negative
نعريك,negative
نعزل,negative
نعصب,negative
نعصي,negative
نعط,negative
نعور,negative
نعيط,negative
نغتصب,negative
نغرق,negative
نغش,negative
نغضب,negative
نغلط,negative
نغللط,negative
نغور,negative
نغيب,negative
نفاق,negative
نفاقك,negative
نفت,negative
نفتت,negative
نفتر,negative
نفتن,negative
نفخ,negative
نفر,negative
نفسد,negative
نفسنه,negative
نفشخ,negative
نفشخك,negative
نفشل,negative
نفضح,negative
نفضحك,negative
نفلس,negative
نقاضي,negative
نقاوم,negative
نقبض,negative
نقتحم,negative
نقتص,negative
نقتل,negative
نقتلك,negative
نقتلو,negative
نقد,negative
نقرف,negative
نقص,negative
نقصر,negative
نقض,negative
نقض,negative
نقضي,negative
نقط,negative
نقع,negative
نقلعوك,negative
نقيل,negative
نكاه,negative
نكايه,negative
نكتم,negative
نكد,negative
نكدب,negative
نكدس,negative
نكذب,negative
نكذبو,negative
نكر,negative
نكره,negative
نكرهك,negative
نكسر,negative
نكسرو,negative
نكسف,negative
نكسه,negative
نكشف,negative
نكفر,negative
نلجا,negative
نلجمك,negative
نلطش,negative
نلعن,negative
نلعنك,negative
نلقن,negative
نلم,negative
نليف,negative
نماطل,negative
نمسخرك,negative
نمنع,negative
نمهل,negative
نموت,negative
نميمه,negative
ننافق,negative
ننبح,negative
ننتحر,negative
ننتحل,negative
ننتقد,negative
ننتقم,negative
ننتن,negative
ننتنيل,negative
ننتهي,negative
ننحني,negative
ننخرس,negative
ننرفز,negative
ننزع,negative
ننزف,negative
ننس,negative
ننسا,negative
ننسحب,negative
ننسو,negative
ننضرب,negative
ننفخ,negative
ننفضح,negative
ننكر,negative
ننكرها,negative
ننهزم,negative
ننهش,negative
ننيكك,negative
ننييكك,negative
نهاجم,negative
نهان,negative
نهب,negative
نهتك,negative
نهد,negative
نهدد,negative
نهدر,negative
نهدم,negative
نهرب,negative
نهرتل,negative
نهزيء,negative
نهزئ,negative
نهش,negative
نهك,negative
نهمل,negative
نهيج,negative
نهين,negative
نهييص,negative
نواح,negative
نوجع,negative
نولع,negative
نولول,negative
نيمين,negative
هابط,negative
هابل,negative
هاجم,negative
هاجمو,negative
هارب,negative
هاشتمك,negative
هان,negative
هايطلق,negative
هايف,negative
هبط,negative
هبل,negative
هبله,negative
هبوط,negative
هتتاجل,negative
هتتحسب,negative
هتتضرب,negative
هتتقتع,negative
هتحشر,negative
هتختف,negative
هتخربو,negative
هتخوفو,negative
هتزعل,negative
هتسكتو,negative
هتش,negative
هتشتغل,negative
هتشتم,negative
هتضيع,negative
هتعيل,negative
هتقع,negative
هتك,negative
هتكرهك,negative
هتموت,negative
هتوحشنا,negative
هتوحشونا,negative
هتولع,negative
هجايص,negative
هجر,negative
هجس,negative
هجص,negative
هجم,negative
هجوم,negative
هدام,negative
هدد,negative
هددني,negative
هدر,negative
هدم,negative
هذيان,negative
هرب,negative
هربان,negative
هربت,negative
هربو,negative
هربوا,negative
هرتل,negative
هرتله,negative
هرجل,negative
هروب,negative
هرول,negative
هري,negative
هزء,negative
هزأ,negative
هزق,negative
هزل,negative
هزم,negative
هزيمه,negative
هزئ,negative
هسهس,negative
هشتم,negative
هضيع,negative
هطق,negative
هطل,negative
هلاك,negative
هلس,negative
هلفطه,negative
هلك,negative
همج,negative
همجي,negative
همد,negative
هموت,negative
همومك,negative
هنشتم,negative
هنفشل,negative
هنكدب,negative
هننفخك,negative
هنيكك,negative
هوان,negative
هواهم,negative
هوج,negative
هياف,negative
هيتناك,negative
هيج,negative
هيجان,negative
هيحاسبك,negative
هيخسر,negative
هيربيك,negative
هيرحمنا,negative
هيسجنن,negative
هيسقط,negative
هيسموك,negative
هيص,negative
هيصه,negative
هيضرب,negative
هيضيعو,negative
هيعبرك,negative
هيفتش,negative
هيقبضك,negative
هيقتل,negative
هيمن,negative
هيندم,negative
هينيكك,negative
هيهرب,negative
هييس,negative
واسطه,negative
واطي,negative
واهم,negative
وجع,negative
وحش,negative
وحشيه,negative
ورط,negative
وساخه,negative
وسخ,negative
وسوس,negative
وضاعه,negative
وقاحه,negative
وقح,negative
وكس,negative
وكسه,negative
ولع,negative
ولعه,negative
ولول,negative
وهل,negative
وهم,negative
ياض,negative
ياكلاب,negative
يالهوي,negative
يامنافقين,negative
ياهب,negative
يائس,negative
يأس,negative
يبذ,negative
يبضن,negative
يبطل,negative
يبكي,negative
يبيح,negative
يتبرء,negative
يتبرأ,negative
يتبرؤن,negative
يتبعزق,negative
يتجاهل,negative
يتحبس,negative
يتحبسو,negative
يتحبسوا,negative
يتحرق,negative
يتحسر,negative
يتحشر,negative
يتحملك,negative
يتخاذل,negative
يتخاصم,negative
يتخرس,negative
يتخزوق,negative
يتخض,negative
يتخطف,negative
يتخلي,negative
يتخمد,negative
يتراجع,negative
يترب,negative
يتربي,negative
يترحم,negative
يتردد,negative
يتركوا,negative
يتريق,negative
يتسجن,negative
يتسحل,negative
يتسلح,negative
يتسول,negative
يتشتم,negative
يتشرد,negative
يتشل,negative
يتشلح,negative
يتشملل,negative
يتصاب,negative
يتطاول,negative
يتظاهر,negative
يتظاهرون,negative
يتظلم,negative
يتعارض,negative
يتعاطوها,negative
يتعدم,negative
يتعذب,negative
يتعر,negative
يتعرض,negative
يتعظوا,negative
يتعقب,negative
يتف,negative
يتفرس,negative
يتفنن,negative
يتقاعدوا,negative
يتقبض,negative
يتقتلو,negative
يتقمص,negative
يتكتم,negative
يتكسف,negative
يتلسع,negative
يتلم,negative
يتمسح,negative
يتمم,negative
يتناك,negative
يتنح,negative
يتنفخ,negative
يتنكر,negative
يتنيل,negative
يتهان,negative
يتهجر,negative
يتهد,negative
يتهدد,negative
يتهم,negative
يتهومنا,negative
يتواطأ,negative
يتوب,negative
يتورطوا,negative
يتوكس,negative
يجادل,negative
يجبر,negative
يجحم,negative
يجرح,negative
يجرو,negative
يجسس,negative
يجوع,negative
يحارب,negative
يحاسب,negative
يحاصر,negative
يحاكمك,negative
يحبس,negative
يحبط,negative
يحتج,negative
يحترق,negative
يحتقر,negative
يحتل,negative
يحذر,negative
يحرق,negative
يحرم,negative
يحرمنا,negative
يحرمو,negative
يحزن,negative
يحسد,negative
يحسس,negative
يحشر,negative
يحطم,negative
يحقتر,negative
يحك,negative
يخاذل,negative
يخازل,negative
يخاف,negative
يخب,negative
يخبط,negative
يخترق,negative
يخجل,negative
يخدر,negative
يخدع,negative
يخدك,negative
يخذلكم,negative
يخرب,negative
يخربيت,negative
يخرس,negative
يخرص,negative
يخز,negative
يخسر,negative
يخش,negative
يخشي,negative
يخطء,negative
يخطيء,negative
يخطئ,negative
يخلص,negative
يخلصكم,negative
يخلف,negative
يخو,negative
يخوف,negative
يخون,negative
يخونو,negative
يخوين,negative
يخيف,negative
يدافع,negative
يدبحو,negative
يدبحوا,negative
يدعي,negative
يدمر,negative
يدمن,negative
يدهس,negative
يذبح,negative
يراق,negative
يربوك,negative
يربيك,negative
يرتجف,negative
يرحل,negative
يردح,negative
يرعب,negative
يرفض,negative
يركب,negative
يركع,negative
يرموك,negative
يرن,negative
يريح,negative
يريق,negative
يزايد,negative
يزرط,negative
يزعل,negative
يزعلك,negative
يزعلو,negative
يزلزل,negative
يزهق,negative
يزوغ,negative
يزيح,negative
يزيط,negative
يزيل,negative
يسب,negative
يستاهلوا,negative
يستبعد,negative
يستبيح,negative
يستبيحو,negative
يستجعل,negative
يستحمل,negative
يستخف,negative
يستدرج,negative
يستسلم,negative
يستغفل,negative
يستغل,negative
يستغيث,negative
يستكرد,negative
يستلم,negative
يستنجد,negative
يستنزف,negative
يستنكرون,negative
يستهبلوش,negative
يستهتر,negative
يستهزء,negative
يسجن,negative
يسجنو,negative
يسحلونك,negative
يسخر,negative
يسخن,negative
يسرق,negative
يسرقو,negative
يسفك,negative
يسفل,negative
يسقط,negative
يسقطو,negative
يسيئ,negative
يشتت,negative
يشتم,negative
يشتمو,negative
يشتموك,negative
يشجب,negative
يشدد,negative
يشرذم,negative
يشعل,negative
يشكم,negative
يشل,negative
يشوه,negative
يشوهو,negative
يشويه,negative
يشيع,negative
يشيل,negative
يصاب,negative
يصبر,negative
يصبرك,negative
يصتدم,negative
يصرخ,negative
يصفع,negative
يصمت,negative
يصيب,negative
يصيح,negative
يصيع,negative
يضر,negative
يضرب,negative
يضربك,negative
يضطر,negative
يضعف,negative
يضللو,negative
يضيع,negative
يضييع,negative
يطعن,negative
يطغ,negative
يطغي,negative
يظلم,negative
يعارض,negative
يعاقب,negative
يعاقبه,negative
يعتدوا,negative
يعترض,negative
يعترف,negative
يعتقل,negative
يعتقلع,negative
يعتقلو,negative
يعدم,negative
يعذب,negative
يعذبو,negative
يعر,negative
يعرص,negative
يعري,negative
يعريك,negative
يعزل,negative
يعزلوا,negative
يعصب,negative
يعصي,negative
يعط,negative
يعظ,negative
يعل,negative
يعور,negative
يعورو,negative
يعورين,negative
يعيط,negative
يعيق,negative
يغتصب,negative
يغرق,negative
يغش,negative
يغصبن,negative
يغضب,negative
يغلط,negative
يغللط,negative
يغور,negative
يغيب,negative
يفتت,negative
يفتر,negative
يفتري,negative
يفتن,negative
يفتي,negative
يفر,negative
يفسد,negative
يفشخ,negative
يفشخك,negative
يفشل,negative
يفضح,negative
يفضحك,negative
يفلس,negative
يقاضي,negative
يقبض,negative
يقتحم,negative
يقتص,negative
يقتل,negative
يقتلك,negative
يقتلو,negative
يقحم,negative
يقرف,negative
يقصر,negative
يقضي,negative
يقع,negative
يقلعوك,negative
يقمع,negative
يقيل,negative
يكتم,negative
يكدب,negative
يكدس,negative
يكذب,negative
يكذبو,negative
يكر,negative
يكره,negative
يكرهك,negative
يكسر,negative
يكسرو,negative
يكسف,negative
يكشف,negative
يكفر,negative
يكلك,negative
يكوش,negative
يلجا,negative
يلجمك,negative
يلزقو,negative
يلطش,negative
يلعن,negative
يلعنك,negative
يلم,negative
يليف,negative
يماطل,negative
يمسخرك,negative
يمكر,negative
يمكرالله,negative
يمنع,negative
يمهل,negative
يموت,negative
ينافق,negative
يناقض,negative
ينبح,negative
ينتحر,negative
ينتحل,negative
ينتقد,negative
ينتقم,negative
ينتن,negative
ينتنيل,negative
ينتهي,negative
ينحني,negative
ينخرس,negative
يندد,negative
ينرفز,negative
ينرفزن,negative
ينزع,negative
ينزف,negative
ينس,negative
ينسا,negative
ينسحب,negative
ينسو,negative
ينضرب,negative
ينفخ,negative
ينفضح,negative
ينقط,negative
ينكر,negative
ينكران,negative
ينكرها,negative
ينهبو,negative
ينهزم,negative
ينهش,negative
ينور,negative
ينيكك,negative
ينييكك,negative
يهاجم,negative
يهان,negative
يهب,negative
يهتك,negative
يهد,negative
يهدد,negative
يهدر,negative
يهدم,negative
يهرب,negative
يهرتل,negative
يهزيء,negative
يهزئ,negative
يهش,negative
يهمل,negative
يهيج,negative
يهيص,negative
يهين,negative
يهييص,negative
يواطء,negative
يوجع,negative
يورط,negative
يوري,negative
يولع,negative
يولعو,negative
يولول,negative
يؤجل,negative
يؤسفن,negative
 قطيع,negative 
 راقي,positive
 متفائل,positive
 متفائله,positive
ابتسام,positive
ابداع,positive
اتبسط,positive
اتشرفت,positive
اتطوع,positive
اثق,positive
اجدع,positive
اجلال,positive
اجمد,positive
اجمل,positive
احباب,positive
احبب,positive
احترام,positive
احترامك,positive
احترم,positive
احرار,positive
احسان,positive
احسن,positive
احسنت,positive
احلى,positive
احلي,positive
احيك,positive
احييك,positive
اختراع,positive
اخلاص,positive
اخلاق,positive
اخوه,positive
ادب,positive
ادعم,positive
اروع,positive
استاذ,positive
استفاد,positive
استقرار,positive
اشجع,positive
اشراف,positive
اصيل,positive
اطيب ,positive
اظرف,positive
اعتزاز,positive
اعجاب,positive
اعجبتني,positive
اعشق,positive
اعظم,positive
افراج,positive
افرح,positive
افضل,positive
اقدر,positive
اقوي,positive
اكتساح,positive
اكرم,positive
التزم,positive
الذ,positive
امان,positive
امان,positive
امانته,positive
امانه,positive
امل,positive
امل,positive
امن,positive
امين,positive
انبسط,positive
انبسطت,positive
انبسطوا,positive
انتصار,positive
انتصر,positive
انساني,positive
انسب,positive
انصار,positive
انصر,positive
انظف,positive
انيق,positive
اهتمام,positive
اهم,positive
اهنيك,positive
اؤيد,positive
اؤيدك,positive
ايجاب,positive
ايجابي,positive
ايمان,positive
ايمانك,positive
باحبك,positive
باحترمك,positive
بارع,positive
بالتوفيق,positive
بالسلامه,positive
بانبسط,positive
بتحبك,positive
بتحترم,positive
بتحترمك,positive
بتزغرط,positive
بتفهم,positive
بتنجح,positive
بحبك,positive
بحبكو,positive
بحبه,positive
بحبها,positive
بحبوا,positive
بحترمك,positive
بحترمو,positive
بديع,positive
بر,positive
برافو,positive
برع,positive
بركاتك,positive
برنس,positive
بريئه,positive
برئ,positive
بطل,positive
بعتذر,positive
بنحبك,positive
بهج,positive
بهجه,positive
بهيج,positive
بوس,positive
بوسه,positive
بيحب,positive
بيحترمها,positive
بيضحك,positive
تاييد,positive
تائب,positive
تبرع,positive
تتفق,positive
تثق,positive
تجاملك,positive
تجتهد,positive
تحالف,positive
تحبك,positive
تحترم,positive
تحتفل,positive
تحدي,positive
تحرسك,positive
تحرصك,positive
تحفز,positive
تحفظ,positive
تحفظك,positive
تحفه,positive
تحمي,positive
تحميك,positive
تحن,positive
تحي,positive
تحيا,positive
تحيك,positive
تحيه,positive
تحيه,positive
تدعم,positive
تدعمك,positive
تربح,positive
ترتاح,positive
ترحب,positive
ترحم,positive
ترحمك,positive
ترحمه,positive
ترشد,positive
تريحك,positive
تسامح,positive
تسامح,positive
تستحي,positive
تستغفر,positive
تستفيد,positive
تستقر,positive
تسعد,positive
تسعدك,positive
تسعدنا,positive
تسلمي,positive
تسهم,positive
تسهيل,positive
تشاور,positive
تشرف,positive
تشفيك,positive
تشكر,positive
تشكرك,positive
تشكم,positive
تصح,positive
تصد,positive
تصدق,positive
تصلح,positive
تضامن,positive
تضحك,positive
تطمئن,positive
تطهير,positive
تطهير,positive
تطوير,positive
تعاطف,positive
تعاون,positive
تعتذر,positive
تعجبن,positive
تعجبني,positive
تعزك,positive
تعشق,positive
تعفف,positive
تعفو,positive
تعقل,positive
تعمير,positive
تعيش,positive
تغيير,positive
تفاءل,positive
تفاؤل,positive
تفتقد,positive
تفديك,positive
تفرح,positive
تفلح,positive
تفهمك,positive
تقبل,positive
تقدرك,positive
تقدم,positive
تقدير,positive
تقويكي,positive
تقي,positive
تكاتف,positive
تكحمك,positive
تكرم,positive
تكرمك,positive
تكرمه,positive
تكسب,positive
تكفل,positive
تلتزم,positive
تميز,positive
تناغم,positive
تنتصر,positive
تنجح,positive
تنصر,positive
تنصرك,positive
تنصره,positive
تنصرهم,positive
تنصف,positive
تنظيم,positive
تنعم,positive
تنهض,positive
تهاني,positive
تهدي,positive
تهديك,positive
تهنئ,positive
تواضع,positive
تواضعا,positive
توافق,positive
توضيح,positive
توفقك,positive
تؤتمن,positive
تؤيد,positive
ثقه,positive
جامد,positive
جامل,positive
جدع,positive
جدعان,positive
جدعان,positive
جدعنه,positive
جدير,positive
جريء,positive
جريئه,positive
جليل,positive
جمال,positive
جمالك,positive
جميل,positive
جنات,positive
جيد,positive
حاسم,positive
حامي,positive
حب,positive
حبايب,positive
حبك,positive
حبه,positive
حبيب,positive
حبيبت,positive
حبيبتي,positive
حبيبك,positive
حبيبي,positive
حر,positive
حرا,positive
حرر,positive
حرس,positive
حريه,positive
حريه,positive
حشمتها,positive
حضن,positive
حفز,positive
حفظ,positive
حق,positive
حقوقيه,positive
حل,positive
حلاوتك,positive
حلاوه,positive
حلو,positive
حلوتك,positive
حلوه,positive
حلوين,positive
حمايه,positive
حمش,positive
حنان,positive
حياد,positive
حياد,positive
حيادي,positive
حياديه,positive
خارق,positive
خجل,positive
خلق,positive
خير,positive
خير,positive
دافئ,positive
دعابه,positive
دعم,positive
دكر,positive
ذكي,positive
ذهل,positive
ذوق,positive
راسخ,positive
رائد,positive
رائع,positive
ربح,positive
رجوله,positive
رحب,positive
رحم,positive
رحمه,positive
رحيم,positive
رخرخ,positive
رشد,positive
رفيق,positive
رقصن,positive
رقيق,positive
روعه,positive
ريح,positive
زفه,positive
زقطط,positive
زكي,positive
سالم,positive
ساند,positive
ستنتصر,positive
ستهم,positive
سرور,positive
سعاد,positive
سعاده,positive
سعدت,positive
سعيد,positive
سعيد,positive
سلام,positive
سلامات,positive
سلامتك,positive
سلم,positive
سليم,positive
سماح,positive
سماحه,positive
سمسم,positive
سمعه,positive
سنحاسب,positive
سند,positive
سننتصر,positive
سهم,positive
شابوا,positive
شامخ,positive
شجاع,positive
شجاعه,positive
شجع,positive
شجعان,positive
شرعي,positive
شرف,positive
شرفت,positive
شريف,positive
شعبيه,positive
شفاء,positive
شكر,positive
شكرا,positive
شمخ,positive
شهامه,positive
شهم,positive
شياكه,positive
صاحب,positive
صاحي,positive
صادق,positive
صاف,positive
صافي,positive
صالح,positive
صالحه,positive
صائب,positive
صبر,positive
صبور,positive
صح,positive
صحبه,positive
صحيح,positive
صحيحه,positive
صحيه,positive
صدق,positive
صدقه,positive
صديق,positive
صراحه,positive
صريح,positive
صغننه,positive
صلح,positive
ضحك,positive
ضحك,positive
ضحكه,positive
ضمير,positive
طاهر,positive
طايقاك,positive
طريف,positive
طهاره,positive
طهر,positive
طور,positive
طيب,positive
ظريف,positive
عاجب,positive
عاجبني,positive
عاجبهم,positive
عادل,positive
عاشت,positive
عاقل,positive
عامر,positive
عبقري,positive
عثل,positive
عجيبني,positive
عداله,positive
عداله,positive
عدل,positive
عدلا,positive
عروس,positive
عريق,positive
عزه,positive
عزيز,positive
عسل,positive
عشق,positive
عطاء,positive
عظم,positive
عظيم,positive
عفه,positive
عفو,positive
عفيف,positive
عقل,positive
عقلاء,positive
عقلاني,positive
عيد,positive
غالي,positive
فاز,positive
فاضل,positive
فخر,positive
فداء,positive
فرج,positive
فرح,positive
فرحان,positive
فرحت,positive
فرحتي,positive
فرحه,positive
فضل,positive
فعال,positive
فل,positive
فلح,positive
فهم,positive
قادر,positive
قدر,positive
قدوه,positive
قمر,positive
قمر,positive
قوا,positive
قوه,positive
قوي,positive
قيمه,positive
كاريزما,positive
كراما,positive
كرامه,positive
كرم,positive
كريم,positive
كسب,positive
كفاءه,positive
كفائه,positive
كفل,positive
كومد,positive
كوميدي,positive
كويس,positive
كياسه,positive
لايك,positive
لذيذ,positive
لطيف,positive
لياقه,positive
مابيخدش,positive
ماتزعليش,positive
مبتخفش,positive
مبتسم,positive
مبتهج,positive
مبدع,positive
مبروك,positive
مبسوط,positive
مبهج,positive
متحضر,positive
متدين,positive
متزعلش,positive
متزعليش,positive
متزن,positive
متضامن,positive
متعاطف,positive
متعفف,positive
متفائل,positive
متفهم,positive
متفوق,positive
متقن,positive
متمكن,positive
متميز,positive
متواضع,positive
متوكل,positive
مثقف,positive
مجتهد,positive
مجد,positive
مجدع,positive
محايد,positive
محبه,positive
محبوب,positive
محترف,positive
محترفين,positive
محترم,positive
محترمه,positive
محظوظ,positive
محنك,positive
مخلص,positive
مداح,positive
مذهل,positive
مسالم,positive
مسامحينك,positive
مسانده,positive
مسانده,positive
مستتره,positive
مستمتع,positive
مستنضف,positive
مستنضفهم,positive
مسرور,positive
مسلي,positive
مشرف,positive
مشوق,positive
مصارحته,positive
مصون,positive
مضحك,positive
مطمئن,positive
مطيع,positive
مظبوط,positive
معجب,positive
معجبيك,positive
مفيد,positive
مقبولا,positive
ملاك,positive
ملعلع,positive
ممتاز,positive
ممتازه,positive
ممتع,positive
مميز,positive
مناضل,positive
منصف,positive
منطقي,positive
منعش,positive
منقذ,positive
منور,positive
منيح,positive
موده,positive
موضوعي,positive
موفق,positive
مؤثر,positive
مؤدب,positive
مؤمن,positive
مؤيد,positive
ميز,positive
ميزه,positive
نابغ,positive
ناجح,positive
ناجحه,positive
ناصر,positive
ناضل,positive
نامي,positive
نبارك,positive
نبرع,positive
نبسط,positive
نبل,positive
نتفق,positive
نثق,positive
نجاح,positive
نجاحك,positive
نجتهد,positive
نجح,positive
نحبك,positive
نحبوك,positive
نحترم,positive
نحتفل,positive
نحرسك,positive
نحرصك,positive
نحفز,positive
نحفظك,positive
نحمي,positive
نحميك,positive
نحي,positive
نحيا,positive
نحيك,positive
نحيه,positive
نخوه,positive
ندعم,positive
نربح,positive
نرتاح,positive
نرحب,positive
نرحم,positive
نرحمك,positive
نرحمه,positive
نريحك,positive
نزاهه,positive
نزيه,positive
نسامح,positive
نستحي,positive
نستغفر,positive
نستفيد,positive
نستقر,positive
نسعدك,positive
نشاور,positive
نشكر,positive
نشكرك,positive
نشكم,positive
نصدق,positive
نصر,positive
نصف,positive
نصلح,positive
نضحك,positive
نضيف,positive
نطمئن,positive
نظف,positive
نظيف,positive
نعتذر,positive
نعشق,positive
نعفو,positive
نفتخر,positive
نفتقد,positive
نفديك,positive
نفع,positive
نفلح,positive
نفهم,positive
نفهمك,positive
نفيس,positive
نقبل,positive
نقدرك,positive
نقي,positive
نكرم,positive
نكرمك,positive
نكرمه,positive
نكسب,positive
نكفل,positive
نلتزم,positive
ننتصر,positive
ننجح,positive
ننصر,positive
ننصره,positive
ننصرهم,positive
ننهض,positive
نهض,positive
نهنئ,positive
نوافق,positive
نور,positive
نوفقك,positive
نؤيد,positive
هادف,positive
هادئ,positive
هايل,positive
همه,positive
هنحل,positive
هنئ,positive
‎هيب,positive
واضح,positive
واعي,positive
ود,positive
ورع,positive
ورعه,positive
وسطيه,positive
وضح,positive
وطني,positive
وفاء,positive
وفق,positive
يبارك,positive
يبتسم,positive
يبتهج,positive
يبدع,positive
يتفق,positive
يتقن,positive
يثق,positive
يجاملك,positive
يجتهد,positive
يحالف,positive
يحبك,positive
يحبوك,positive
يحترف,positive
يحترم,positive
يحتفل,positive
يحرسك,positive
يحرصك,positive
يحظك,positive
يحفز,positive
يحفظ,positive
يحفظك,positive
يحمي,positive
يحميك,positive
يحن,positive
يحيا,positive
يحيك,positive
يحيه,positive
يخترع,positive
يخليك,positive
يدعم,positive
يدعمك,positive
يدعمه,positive
يربح,positive
يرتاح,positive
يرحب,positive
يرحم,positive
يرحمك,positive
يرحمه,positive
يرشد,positive
يريحك,positive
يزكوا,positive
يسامح,positive
يستحي,positive
يستغفر,positive
يستفيد,positive
يستقر,positive
يسعد,positive
يسعدك,positive
يسعدنا,positive
يسهم,positive
يشرف,positive
يشفيك,positive
يشكر,positive
يشكرك,positive
يشيد,positive
يصح,positive
يصد,positive
يصدق,positive
يصلح,positive
يصون,positive
يضحك,positive
يطمئن,positive
يطهر,positive
يعتذر,positive
يعجبن,positive
يعجبني,positive
يعزك,positive
يعشق,positive
يعفو,positive
يعقل,positive
يعيش,positive
يفتقد,positive
يفديك,positive
يفرح,positive
يفلح,positive
يفهمك,positive
يفيد,positive
يقبل,positive
يقدرك,positive
يقويكي,positive
يكرم,positive
يكرمك,positive
يكرمه,positive
يكسب,positive
يكفل,positive
يلتزم,positive
ينتصر,positive
ينجح,positive
ينصر,positive
ينصرك,positive
ينصره,positive
ينصرهم,positive
ينصف,positive
ينعم,positive
ينقذ,positive
ينهض,positive
يهدي,positive
يهديك,positive
يهنئ,positive
يوافق,positive
يوفق,positive
يوفقك,positive
يؤتمن,positive
يؤمن,positive
يؤيد,positive